2347,german
1347,seen live
890,deutsch
662,Classical
595,electronic
533,germany
521,rock
424,pop
386,composer
324,jazz
312,female vocalists
308,experimental
286,instrumental
275,indie
269,Schlager
244,electronica
240,baroque
238,punk
236,under 2000 listeners
219,alternative
216,metal
214,singer-songwriter
204,ambient
200,techno
189,Progressive rock
184,Hip-Hop
183,hip hop
181,piano
181,krautrock
165,rap
158,minimal
157,folk
151,psychedelic
145,punk rock
144,Deutsche Schlager
143,electro
140,dance
138,comedy
138,House
138,All
137,contemporary classical
129,Berlin
128,hardcore
127,early music
125,Avant-Garde
124,opera
123,kabarett
120,heavy metal
113,Deutschrap
108,80s
103,industrial
100,composers
99,hard rock
99,acoustic
98,romantic
95,70s
94,oldies
94,chillout
93,male vocalists
92,minimal techno
92,liedermacher
88,Psychedelic Rock
87,indie rock
86,trance
86,60s
84,german hiphop
83,volksmusik
79,hamburg
78,classic
78,Soundtrack
78,Deutschrock
77,noise
77,female
75,spoken word
74,vocal
74,easy listening
73,deutschpunk
73,black metal
73,alternative rock
70,organ
69,indie pop
69,funk
68,soul
67,female vocalist
67,death metal
66,schlageroldies
64,conductor
63,reggae
63,political
63,guitar
62,swing
62,schlager-oldies
62,post-punk
61,lounge
61,emo
61,Gothic
58,classic rock
58,cabaret
57,western classical music
57,spotify
56,new age
56,hiphop
56,chanson
56,blues
55,new wave
55,idm
53,thrash metal
53,party
53,gammarec
53,Power metal
52,renaissance
52,40s
51,avantgarde
49,synthpop
47,ska
47,downtempo
46,deutschsprachig
45,Fusion
44,ddr
44,90s
44,30s
43,tech house
43,hardcore punk
43,darkwave
43,Gothic Rock
42,poetry
41,post-hardcore
40,Hoerbuch
38,speed metal
37,orchestral
37,metalcore
37,Progressive metal
37,Progressive
37,Juma
37,Hamburger Schule
36,humor
36,german hip-hop
36,free jazz
36,ebm
35,sexy
35,post-rock
35,German Comedy
35,Audiobook
34,european
34,German metal
33,world
33,dub
33,RIP
33,Gothic Metal
33,Disco
33,50s
32,screamo
32,Jazz Rock
32,30s 40s
32,20th Century Classical
31,medieval
31,live gesehen
31,eurodance
31,dark ambient
31,NDW
30,lesser known yet streamable artists
30,german rap
30,folk rock
30,Melodic Death Metal
29,modern classical
28,soprano
28,pop rock
28,christian
28,choral
27,space rock
27,rnb
27,electropop
27,deep house
27,dancehall
27,Klassik
26,punkrock
26,goth
26,drone
26,doom metal
26,alemanha
25,violin
25,freepurp1e
25,Eurovision
24,trip-hop
24,lieder
24,grindcore
24,glitch
24,deutschland
24,blues rock
24,Ostrock
24,20th Century
23,romanticism
23,folk metal
23,contemporary jazz
23,british
23,bass
22,pop punk
22,oldie
22,melodic metal
22,japanese
22,french
22,Neue Deutsche Welle
21,pianist
21,german reggae
21,evergreen
21,deutscher ska
21,club
21,Deutsche Oldies
21,Bach
21,20s
20,saxophone
20,live
20,bach family
20,German hip hop
20,Acid
20,2juma
19,rockabilly
19,mannheim school
19,german jazz
19,fun
19,dark electro
19,acid jazz
19,Mundart
19,Discofox
18,street punk
18,satire
18,pipe organ
18,orchestra
18,musicologist
18,free improvisation
18,dubstep
18,country
18,american
18,Stoner Rock
18,Big Band
17,songwriter
17,ska punk
17,pedagogie
17,german ska
17,crossover
17,classicism
17,classical era
17,bavarian
17,World Music
17,Lo-Fi
17,Drum and bass
17,Brutal Death Metal
16,symphonic metal
16,nu jazz
16,late romantic
16,guitar virtuoso
16,emocore
16,electro-industrial
16,comedian
16,classical piano
16,Stand-up-Comedy
16,Female Voices
15,vorgemerkt
15,vocal jazz
15,tenor
15,swedish
15,singer
15,romantismo
15,noise rock
15,lute
15,jazz fusion
15,german artists
15,deutscher schlager
15,berlin school
15,Orgel
15,Oi
15,German Black Metal
15,Female fronted metal
14,trumpet
14,thrash
14,speech
14,score
14,offener Brief an Angela Merkel
14,melodic hardcore
14,lyrics
14,harpsichord
14,german thrash metal
14,funny
14,electroacoustic
14,chamber music
14,Erudite music
13,synth pop
13,synth
13,stoner
13,stimmung
13,post rock
13,polish
13,musical
13,minimalism
13,male vocalist
13,luth
13,italian
13,funky
13,dub techno
13,chill
13,breakcore
13,Lyrik
13,Kompakt
13,Katzenmusik
13,Hoerspiel
13,Garage Rock
13,Electroclash
13,Barroco
13,Baroque Composers
12,violon
12,spanish
12,sound art
12,renaissance music
12,real screamo
12,philosophy
12,neoclassical
12,latin
12,karneval
12,jazz piano
12,industrial rock
12,industrial metal
12,indietronica
12,humour
12,goth rock
12,german composer
12,flute
12,electro house
12,dutch
12,beethoven
12,TFF Rudolstadt
12,Retro
12,Progressive Electronic
12,Leipzig
12,Grand Hotel Van Cleef
12,Experimental Rock
12,Deutschesbarock
12,Awesome
12,19th century
12,19th C
11,vocal trance
11,symphonic prog
11,streetpunk
11,spoken words
11,space
11,rock n roll
11,psychobilly
11,operette
11,nu-jazz
11,modern jazz
11,minimal synth
11,melodic rock
11,dsds
11,deutsches barock
11,deathcore
11,cool
11,clarinet
11,cello
11,art rock
11,USA
11,Smooth Jazz
11,Progressive House
11,Jazzclub Eisenach
11,German Punk
11,Czech
11,Contemporary
11,00s
10,underground hip-hop
10,talentfrei
10,russian
10,progressive trance
10,poet
10,pagan metal
10,old moje standards
10,nostalgie
10,library music
10,great conductors
10,favorites
10,conductors
10,celtic
10,breakbeat
10,barock
10,baritone
10,atmospheric black metal
10,abgehakt
10,Voice
10,Sludge
10,Romantic Classical
10,Rock and Roll
10,Myjukebox
10,Mittelalter
10,Gypsy
10,Eurovision Song Contest
10,Crust
10,Cologne
10,60's
9,tango
9,shoegaze
9,sax
9,old school death metal
9,nsbm
9,musique concrete
9,minimal wave
9,minimal house
9,melodic black metal
9,kleinkunst
9,improvisation
9,hands up
9,hair metal
9,groove
9,german lyrics
9,german literature
9,gay
9,film music
9,exotica
9,drone ambient
9,cover
9,communist
9,colonia
9,classique
9,classical music
9,cantata
9,ballermann
9,atmospheric
9,actor
9,Symphonic Rock
9,Rave
9,Post punk
9,NWOBHM
9,Meditation
9,Dresden
9,Alt deutsch schnulzig
8,wolfgang voigt
8,viking metal
8,stuttgart
8,spoken
8,space age pop
8,rocksteady
8,rockpalast
8,ragga
8,orgue
8,norwegian
8,norddeutsch
8,microhouse
8,melancholy
8,math rock
8,lesser known yet streamable composers
8,klezmer
8,jazz vocal
8,indie folk
8,improv
8,guitarist
8,gesprochen
8,germania
8,garage
8,drums
8,drama
8,dnb
8,digital hardcore
8,dichter
8,depressive black metal
8,classical guitar
8,classical composers
8,britpop
8,bremen
8,baroque or early
8,bad taste
8,african
8,Schlagerfox
8,Ruhrpott
8,Post-Industrial
8,Library
8,Hammond
8,Grunge
8,German Pop
8,German Composers
8,Film-Musik
8,Drum n Bass
8,Dark metal
8,Austria
8,Ambient Techno
8,AOR
8,18th century
8,17th c
7,world fusion
7,underground rap
7,turkish
7,trombone
7,tech-house
7,tanzmusik
7,soundscape
7,singer songwriter
7,serialism
7,romantic era
7,relaxing
7,relax
7,rapcore
7,potsony
7,parody
7,ostpop
7,ostalgie
7,oldschool
7,old school
7,neofolk
7,modern composition
7,melancholic
7,meditative
7,lute music
7,lustig
7,literatur
7,late baroque
7,krustelkiste
7,komiker
7,jungle
7,jewish
7,irish
7,indiepop
7,horror punk
7,heavy prog
7,happy hardcore
7,golden oldies
7,epic metal
7,elektro
7,electro-acoustic
7,dada
7,coldwave
7,choir
7,bayrisch
7,bavarian kabarett
7,balkan
7,alternative metal
7,afrobeat
7,actress
7,acoustic guitar
7,acid techno
7,a cappella
7,UK
7,Symphonic Black Metal
7,Skinhead
7,Rhythmic Noise
7,Post-Bop
7,Nu Metal
7,Lyric
7,Kabarettist
7,Italo Disco
7,Harthouse
7,Gangsta Rap
7,ECM
7,Doom
7,Deutschpop
7,Deutscher Hip Hop
7,Deutsch Punk
7,Avant-Garde Jazz
7,Artist
7,Aggrotech
7,1920s
6,violinist
6,video game music
6,vibes
6,underrated
6,tresor
6,terrorpop
6,t e c h n o
6,symphonists
6,swiss
6,stoner metal
6,sound poetry
6,soft rock
6,ska-punk
6,schubert
6,schlagersangerin
6,rhythm and blues
6,progressive death metal
6,producer
6,power pop
6,poetry slams
6,poetry slam
6,podcast
6,pagan black metal
6,old school thrash metal
6,non-classical
6,nazi
6,minimal electronic
6,medieval folk
6,late classical
6,kinderlieder
6,jazz-rock
6,harp
6,hardstyle
6,glam
6,german stand up comedy
6,german renaissance music
6,german girls
6,finnish
6,emo violence
6,early romantic
6,dj
6,dark
6,communism
6,classicpurp1e
6,classical conductor
6,christmas
6,book
6,boogie woogie
6,boogie
6,blackened thrash metal
6,best
6,bayern
6,baroque music
6,avant garde
6,austrian
6,apres ski
6,antifascist
6,ambient black metal
6,africa
6,a capella
6,Weihnachten
6,Trikont
6,Trash
6,Straight Edge
6,Richard Wagner
6,RAC
6,Post-Metal
6,Need to Rate
6,Liedermaching
6,Komponist
6,Hard Trance
6,Fingerpicking
6,Disney
6,Canadian
6,BC pianists
6,50er Schlager
6,50's
6,18th C
5,viola da gamba
5,various artists are a PITA on lastfm
5,unglaublich
5,turntablism
5,symphonic
5,stand-up comedy
5,speedcore
5,soundscapes
5,silesia
5,schwaebisch
5,schriftsteller
5,sacred music
5,roots reggae
5,raster-noton
5,post-revolutionary pop song
5,piano blues
5,ost
5,organist
5,movie score composers
5,modern rock
5,mezzo-soprano
5,melodic metalcore
5,march
5,mallorca
5,male
5,lute music of renaissance
5,lowercase
5,legend
5,left wing
5,kraut
5,jazzrock
5,jazz guitar
5,jazz funk
5,instrumental hip-hop
5,indierock
5,hannover
5,hammond organ
5,gute laune
5,glam rock
5,gitarre
5,german country
5,galante music
5,futurepop
5,fruehbarock
5,free-jazz
5,france
5,field recordings
5,favorit
5,fasching
5,ersguterjunge
5,electropunk
5,east german
5,early classical
5,early baroque
5,diva
5,deutscher
5,deep
5,d
5,cool jazz
5,chiptune
5,cellist
5,can
5,breaks
5,beautiful
5,autor
5,audio book
5,antifa
5,abstract
5,Wagner
5,Vocal Music
5,Suicidal Black Metal
5,Singer/Songwriter
5,Sacred
5,Ritual
5,Oi-punk
5,Neo-Soul
5,Minimal Electro
5,Mellow
5,Love
5,Jazz from Germany
5,Indietronic
5,Hard Bop
5,German Metalcore
5,Frankfurt
5,Field Recording
5,Couplet
5,Classic Blues
5,Bossa Nova
5,Bass-baritone
5,Akkordeonsolist
5,20th C
5,15th century
4,women composers
4,wind
4,wien
4,wagnerian
4,visual kei
4,unterhaltung am wochenende
4,underground
4,twee
4,tribal
4,traditional ska
4,top
4,the ladies that should sit on my sofa or somewhere else in my flat because they are darlings and oh so lovely
4,teutonic thrash metal
4,tape music
4,talk
4,symphony
4,strings
4,standup
4,shit
4,shanties
4,serbian
4,seen live more than once
4,rio reiser
4,rilke
4,raw black metal
4,r&b
4,psytrance
4,psychedelic folk
4,prog rock
4,powernoise
4,polka
4,politisches kabarett
4,politician
4,platt
4,philosopher
4,perlen deutschsprachiger popmusik
4,percussion
4,partyschlager
4,ortsa swing
4,oper
4,old school industrial
4,not streamable
4,neo-rockabilly
4,mystik
4,musicals
4,modern creative
4,mod
4,melodic
4,mathcore
4,mallorca hit
4,literature
4,literatura
4,lied
4,lesser known yet streamable artists lt30
4,lesser known yet streamable artists LT200
4,leiwand - nationaltheater
4,leftism
4,latvian
4,latin pop
4,krauty
4,klasyczna
4,kinder
4,karneval Anno Dazumal
4,jazz manouche
4,j-pop
4,italo-disco
4,icelandic
4,hot
4,heimat
4,heavy
4,hardcore techno
4,hamburg city
4,groovy
4,great tenor
4,gospel
4,german screamo
4,german rock
4,german dancehall
4,german artist
4,genius
4,gdr
4,gaudi
4,galant
4,fussball
4,funpunk
4,from: germany
4,fingerstyle
4,female singer
4,eurobeat
4,ethnic
4,ethereal
4,escritores
4,electric blues
4,economics
4,early electronic
4,duisburg
4,dream pop
4,dixieland
4,deutscher hiphop
4,deutsch rock
4,death industrial
4,dark jazz
4,dadaismus
4,covers
4,concerto
4,classicismo
4,classical period
4,chile
4,chamber
4,carl and carlos
4,brass
4,belgian
4,bebop
4,beats
4,beatles
4,beat
4,bavaria
4,baroque lute
4,australian
4,audiolibros
4,asciiecho
4,argentina
4,arabic
4,anime
4,amiga
4,americana
4,acousmatique
4,acid house
4,accordion
4,Virtuoso
4,Technical Death Metal
4,Tangerine Dream
4,Synchronsprecher
4,Sweden
4,String Quartet
4,Space Ambient
4,Soundtracks
4,Schlager Deutsch
4,Romanian
4,Pop-punk
4,Pop-Rock
4,Ostschlager
4,Operetta
4,Old school EBM
4,Officially Shit
4,OI Punk
4,Nu-metal
4,New Orleans
4,Muusika
4,Minnesang
4,Melodic Power Metal
4,Meine Kuenstler
4,Kairos
4,Johann Christian Bach
4,J-rock
4,Heldentenor
4,Harsh EBM
4,Glam Metal
4,Gabber
4,Foxessed
4,Female Composer
4,Europe
4,Dreamy
4,Deutscher Blues
4,Deutsch Rap
4,DSBM
4,Blackened Death Metal
4,Belgium
4,Aquacrunk
4,90s emo
4,8bit
4,16th c
3,zxzw
3,zwanziger jahre
3,youth crew
3,yodel
3,xavier naidoo
3,worship
3,tv
3,true metal
3,trio
3,trance-classics
3,ton steine scherben
3,tolle Stimme
3,third-wave ska
3,text
3,techno-classics
3,symphonic progressive rock
3,super gut
3,straight edge hardcore
3,stand-up
3,sprache
3,sludge metal
3,sleaze
3,selfmade records
3,seenlive
3,seen-live
3,scorpions
3,scooter
3,schweabisch
3,schranz
3,scandinavian
3,roots
3,romantique
3,romantic period
3,ritual ambient
3,riot grrrl
3,remix
3,recorder
3,progressive thrash metal
3,progressive folk
3,progressive black metal
3,prog of 70s
3,prog
3,power noise
3,power electronics
3,postrock
3,postpunk
3,post hardcore
3,porngrind
3,politisch
3,politics
3,political punk
3,poesie
3,piapi
3,piano jazz
3,perfekte texte
3,partyyyy
3,overtone singing
3,operette-oper
3,oldschool hardcore
3,old skool
3,old school gothic rock
3,old school goth
3,oboe
3,nyhc
3,nigerian
3,new york
3,new romantic
3,neocrust
3,neo-classical metal
3,nationalist
3,mutek
3,music
3,munich
3,muenchen
3,mozart
3,movie
3,morr music
3,modern metal
3,minimal techno artists
3,math metal
3,martial industrial
3,martial
3,marsh
3,mannheim
3,loud
3,lena
3,leiwand4u fm
3,klassikakzente
3,kitsch
3,k-pop
3,jrock
3,jesus
3,independent
3,improvised
3,idols
3,iceland
3,horror soundtrack
3,homosexual intifada
3,high romantic
3,heidelberg
3,heavy rock
3,harmonica
3,hard techno
3,hard rock artist
3,hapsch gesehn
3,hamburg punk
3,gypsy jazz
3,gute laune sonnendeck
3,groove metal
3,gothrock
3,glass harmonica
3,glass armonica
3,gipsy jazz
3,german music
3,german blues
3,german baroque
3,fusion festival 2008
3,fun metal
3,free guitar
3,frauen und technik
3,folk punk
3,female vocal
3,favourite
3,fantasy metal
3,english
3,emoviolence
3,elektronic beats
3,easy
3,drum'n'bass
3,double bass
3,disco-schlager
3,disco schlager
3,deutsche texte
3,deutsch-punk
3,detroit
3,demoscene
3,deathrock
3,death thrash metal
3,dark folk
3,crust punk
3,country deutsch
3,concerti
3,comic
3,cold wave
3,christian rock
3,chinese
3,children
3,check this out
3,check
3,celtic metal
3,brutal necrocanibalistic grindcore with certain influences of father rydzyk
3,bremen hardcore
3,brazilian
3,brazil
3,brahms
3,bossa
3,bochum
3,boarisch
3,bluesrock
3,big brother
3,berliner schule
3,beer
3,beatdown
3,bass clarinet
3,bariton
3,author
3,austrian kabarett
3,ausgezeichnet
3,audiolith
3,audio books
3,atonal
3,atatak
3,antisemit
3,ant-zen
3,angry
3,anarcho-punk
3,allboutguitar
3,album
3,aggro berlin
3,afrotrance
3,Vibraphone
3,Traditional Metal
3,Traditional Doom Metal
3,Title
3,Thomaskantor
3,Stand Up
3,St Pauli
3,Speed Thrash Metal
3,Seeed
3,SCHEISSE
3,Russian Folk
3,Rock am Ring 2007
3,Reggaeton
3,Radio
3,Punk-Rock
3,Punk N Roll
3,Protestant
3,Proggy
3,Philosophie
3,Perlon
3,Old-School
3,Oktoberfest
3,Norway
3,Neue Deutsche Todeskunst
3,Neue Deutsche Haerte
3,Nederlandstalig
3,Meine Privat-CD-Sammlung
3,Medieval Rock
3,Male voices
3,MPS
3,Lesung
3,Kraut Rock
3,Korean
3,Koelsch
3,Karlsruhe
3,Jodler
3,Jens Rachut
3,Jazz Hop
3,James last
3,Jam
3,Industrial Techno
3,Horrorpunk
3,Have Seen Live
3,Harpsichordist
3,Hardtrance
3,Hard
3,Hamburch
3,Greek
3,Gitarrist
3,German Indie
3,Europop
3,Epic Doom Metal
3,Electronics
3,Electro Pop
3,ESC
3,Dream
3,DJENT
3,Classical pianist
3,Chorale
3,Chopin
3,Canterbury
3,C64
3,BPitch Control
3,Audiobooks
3,Arbeiterlieder
3,Andrea Juergens
3,American classical pianist
3,Alt-country
3,Acid Rock
3,Acapella
3,80s underground
3,70s rock
3,70er Schlager
3,70's
3,5 Stars
3,2011
2,zig-zag
2,zeug
2,young vocal jazz
2,year
2,ye-ye
2,wundervoll
2,wunderhorn lieder
2,ws2010 - 10
2,writers
2,women classical composers
2,wise guys
2,willy
2,william herschel
2,westcoast
2,weird
2,weimar cabaret
2,war casualty
2,wahre deutsche volksmusik
2,wacken
2,w windgassen
2,w b molique
2,volkslied
2,viola
2,vincent lubeck
2,vienna
2,vents
2,variete internationale
2,uutta jazzia
2,unique
2,unfassbar
2,underground hip hop
2,ulla meinecke
2,turkish rock
2,tuba
2,trompeta
2,trompet
2,trollsih
2,trinidad and tobago
2,trautonium
2,trancecore
2,traditional doom
2,traditional
2,to listen
2,thrash fucking metal with balls
2,thomas baltzar
2,thomaner
2,third wave ska
2,theremin
2,theorbo
2,theology
2,theodor storm
2,theodor fontane
2,the voice of germany
2,tenors
2,teleorman
2,telemann
2,teen
2,techstep
2,techno-industrial
2,techhouse
2,szczecin
2,synthesizer
2,symphony orchestra
2,swabian
2,svenskt
2,surrealism
2,supercoool
2,style galant
2,striporama
2,streetcore
2,streamable artist
2,strauss
2,story
2,stonerrock
2,stoner doom
2,stimme
2,stark
2,star
2,stand up comedy
2,spliff-85555
2,spiritual
2,spelling lobotomy correctly
2,sopranos
2,songwriting
2,song
2,solo cello
2,soft
2,soehne mannheims
2,soca
2,smooth
2,smart dudes
2,sleaze rock
2,slam poetry
2,skapunk
2,ska-jazz
2,ska revival
2,sinnbus
2,singersongwriter
2,silly
2,silencio
2,sigfrid karg-elert
2,sid
2,showtunes
2,shok muzik
2,shoah
2,shed
2,self-made instruments
2,seen live x2
2,seen live by theo73
2,scottish composers
2,schwoaba-rock
2,schwabisch
2,schreiemo
2,schneeball
2,schiffen
2,schauspieler
2,schade zur frueh verstorben
2,scarlatti
2,saxophonist
2,savante
2,san francisco
2,sakral
2,russian rock
2,russian literature
2,ruk
2,rudolf kempe
2,roy black
2,rosen
2,romantik
2,rolling stones
2,rodgau monotones
2,rococo
2,rock-pop
2,rock'n'roll
2,rock brasil
2,robert schumann
2,roaring twenties
2,riot
2,richard strauss
2,renaissance lute
2,renacimiento
2,relaxation
2,reinhard keiser
2,reformation
2,reed
2,real Diva
2,rainer werner fassbinder
2,ragtime
2,rage
2,r streich
2,r kempe
2,psychedelic trance
2,psych folk
2,psych
2,psalm
2,prussian
2,prussia
2,proto-punk
2,progressive jazz
2,progressive Kantcore
2,pre-classical
2,powerpop
2,postmodern
2,post-grunge
2,post-classical
2,porn
2,pop-folk
2,pop instrumental
2,polish music
2,poland
2,poesia pura
2,podcast Geschichte
2,pimp
2,piano plus vocals
2,pfalz
2,peter hofmann
2,peter anders
2,pessimism
2,peido
2,paul van dyk
2,paul kuhn
2,pataphysics
2,paris
2,pan grot selection
2,pan flute
2,p klein
2,p anders
2,overtones
2,other
2,ost-rock
2,ortsa
2,orchestral pop
2,orchester
2,oper operette
2,one hit wonder
2,omg
2,nul
2,no idea
2,nigeria
2,niederrhein1-deutsch
2,niederdeutsch
2,nice
2,newcomer
2,new
2,neurofunk
2,netlabel
2,netherlands
2,neoclassicism
2,neo-baroque
2,neo visual kei
2,neo prog
2,nada-brahma
2,mystic
2,myfavcomposer
2,my-love
2,my loved tracks
2,musique contemporaine
2,mpb
2,moustache always popular
2,motorik
2,moje
2,modern
2,mixed-pop-rock
2,mixed-jazz
2,mixed-fussball-karneval
2,mittelalter rock
2,mitsinger
2,mine
2,military marches
2,military
2,microtonal
2,microsound
2,michelle
2,miaou
2,metallic hardcore
2,metal punk
2,merz
2,mephisto
2,melodious songs
2,melodic trance
2,melodic punk
2,melodic heavy metal
2,melodic hard rock
2,meenzerisch
2,meenz
2,mca
2,max bruch
2,master
2,mashup
2,mash-up
2,martial music
2,marches
2,mannheimer schule
2,m modl
2,m lorenz
2,lyricist
2,lyric songs
2,lutheran
2,luther
2,lutenist
2,ludwig bechstein
2,louisiana blues
2,lomoli
2,lol
2,live gesehen - bands
2,liquid funk
2,lili marleen
2,light swing
2,light
2,librivox
2,leo monosson
2,leiwand - frontline
2,leftist
2,lale andersen
2,l mozart
2,kurt redel
2,kurt edelhagen
2,kultig
2,krautblues
2,kosmische
2,koelsche weihnacht
2,kmfdm
2,klemperer
2,klaus wunderlich
2,klarinette
2,klangbad
2,kindermusik
2,kgrl
2,kein nsbm
2,karl joseph toeschi
2,kai warner
2,kabaret
2,k tennstedt
2,k moll
2,k eichhorn
2,k barnet
2,k
2,joseph von eichendorff
2,johann wilhelm hertel
2,johann simon mayr
2,johann samuel schroeter
2,johann rudolf zumsteeg
2,johann philipp kirnberger
2,johann pfeiffer
2,johann kaspar kerll
2,johann jakob froberger
2,johann gottlieb janitsch
2,johann georg pisendel
2,johann adam reincken
2,joachim ringelnatz
2,jim reeves
2,jff burgmuller
2,jentzchillout
2,jazzhausmusik
2,jazz-funk
2,jazz vocalists
2,jazz metal
2,jazz harp
2,jazz Big Band
2,jam band
2,j v rathgeber
2,j v meder
2,j g piefke
2,j f kleinknecht
2,j c schieferdecker
2,its always sunny in philadelphia
2,instrumental rock
2,instrumental jazz
2,instrumentaal
2,instrument builder
2,indie electronic
2,immergut 2010
2,immer wieder gern
2,ilsewerner
2,ignaz holzbauer
2,ibiza
2,hymn
2,husum
2,hungarian
2,hr3 clubnight
2,hoerspielsequenz
2,hits
2,hitlercore
2,hit parade
2,hermann goetz
2,henri-joseph rigel
2,helmut zacharias
2,heinrich von kleist
2,heinrich marschner
2,heavy psych
2,harsh noise
2,harmonica blues
2,harmonic singing
2,hardrock
2,hardcore-punk
2,hard n heavy
2,happymaking
2,hans hartz
2,hans carste
2,hans albers
2,hanns dieter husch
2,hammond heaven
2,h meyer
2,h hopf
2,h behrens
2,gustav mahler
2,gstanzl
2,gruppe 47
2,greatest comedian ever
2,great voice
2,great
2,grand prix der volksmusik
2,gottfried august burger
2,gorleben
2,goregrind
2,good old germany
2,good old
2,god
2,goa
2,glitterhouse
2,glitch hop
2,girls
2,gipsy
2,gil ofarim
2,ghvc
2,german-austrian composer
2,german stand-up comedy
2,german speech
2,german singer
2,german nightingale
2,german marches
2,german lounge
2,german indiepop
2,german death metal
2,german classical
2,german according to stretchead
2,gerhard wendland
2,gerhard  wendland
2,georg buchner
2,genre
2,genial
2,geistliche musik
2,gedichte
2,gargarin records
2,gangsta
2,g stolze
2,fuzz
2,future jazz
2,funfun
2,fun punk
2,fritz
2,friedrich witt
2,friedrich silcher
2,friedrich schiller
2,frenchcore
2,free range caucasians
2,fred bertelmann
2,freak folk
2,franz xaver murschhauser
2,franz lachner
2,franz ignaz beck
2,franz danzi
2,fraenkisch
2,four music
2,footballers gone berserk
2,football
2,folktronica
2,folklore
2,folk-punk
2,fluxus
2,flumroc
2,finis mundi
2,fingerstyle guitarist
2,filmmusik
2,ferdinand hiller
2,female violinist
2,female rap
2,female power voice
2,female composers
2,female classical composers
2,female artists
2,felix mendelssohn
2,fav
2,fantasy
2,faith
2,f gernsheim
2,expressionism
2,experimental vocals
2,experimental jazz
2,experimental electronic
2,existentialist
2,evangelic
2,eurodisco
2,euro dance
2,ethno
2,ethnic fusion
2,eterna label
2,esaias reusner
2,erzaehlung
2,ernst eichner
2,entartete musik
2,engineer
2,engelbert humperdinck
2,emd
2,electronic dub
2,electro-pop
2,electro-house
2,electro rock
2,electro industrial
2,electric guitar
2,eisler
2,ein feste burg
2,eduard kunneke
2,early classcism
2,eai
2,e ney
2,e koth
2,e erdmann
2,dungeon synth
2,duitsland
2,dubcore
2,drummer
2,drumfunk
2,drjazzmrfunkmusic
2,dreigroschenoper
2,dramatic
2,downtemp
2,download
2,downbeat
2,dockville 2009
2,diy
2,dimmu
2,dichtung
2,dial
2,deutschland sucht den Superstar
2,deutscher swing
2,deutscher rap
2,deutsche Lyrik
2,deutsche Comedy
2,deutsch pop
2,deu
2,detroit techno
2,der kleine Prinz
2,depressing
2,dendemann
2,dekonstruktion
2,deep funk
2,deceased
2,debussy
2,death-thrash metal
2,ddr musik
2,daxophone
2,darkpsy
2,dark wave
2,dark psychedelic trance
2,dark hardcore
2,dark cabaret
2,danish
2,d-beat
2,czech composers
2,czech classical
2,cyberpunk
2,croatian
2,country rock
2,countertenor
2,cottbus
2,corporate
2,conradin kreutzer
2,conceptual
2,complextro
2,coloratura
2,collage
2,cocoon
2,clueso
2,clinically romantic
2,classical::performer
2,classical percussion
2,classical crossover
2,classical composer
2,classica
2,classic trance
2,classic country
2,classcal
2,clarinette
2,city lounge
2,christlich
2,christianity
2,chris howland
2,chillwave
2,chill out
2,chicago
2,chaotic hardcore
2,chanson francaise
2,chamber court
2,ch3ck 74
2,celtic rock
2,celtic punk
2,celtic harp
2,celtic folk
2,carl maria von weber
2,carl friedrich abel
2,caribbean
2,canada
2,calm
2,cabaret kraut
2,c schuricht
2,c h graun
2,c brentano
2,buch
2,bubblegum
2,brutal deathcore
2,brutal anti islamic nordic satanic blackened death thrash metal with funeral doom folk influences
2,brown music for pink people
2,brecht
2,bratsche
2,brasil
2,boring
2,boogie-woogie
2,boese
2,blues-rock
2,blue note
2,big beat
2,big band jazz
2,better than radiohead
2,beautiful voice
2,beatdown hardcore
2,batcave
2,bassoon
2,baroque thru mozart
2,baroque period
2,band
2,baltic-german
2,baenkelgesang
2,backhaus
2,b j hagen
2,avant-jazz
2,avant guerre
2,atmospheric death metal
2,art pop
2,art of the fugue
2,arbeiterkampflieder
2,anthem
2,annoying undefinable cluster between romanticism and modernism
2,andrea berg
2,amsterdam
2,american black metal
2,alternative pop
2,alte musik
2,allgemeine schlager
2,advanced
2,adam falckenhagen
2,acoustic music
2,acoustic guitarist
2,acid trance
2,ab in die klapse
2,a bit schraeg
2,a
2,Zwei Jahre Ferien
2,Zauberfinger
2,ZXZW 2008
2,Wolfgang Petry
2,Wilhelm Busch
2,Wilhelm Backhaus
2,Wiener Schnee Bayern und Braunauer allerlei
2,Weimar Republic Era
2,Vocal Pop
2,Visual Sound
2,Violoncello
2,Verbrecher-Verlag
2,Vegan
2,USBM
2,UK hip hop
2,Trance Artists
2,Tony Holiday
2,Theater
2,The Man
2,The Kelly Family
2,Tenor Sax
2,Tenoere
2,Technical Thrash Metal
2,Tapatoo
2,Surf
2,Stuggitown
2,Strumentale
2,Stromberg
2,Stettin
2,Song Writer
2,Seemann
2,Schwobarock
2,Schwabenrock
2,Schlagergott
2,Schlager Oldies
2,Saxon
2,Sandra
2,Rudi Schuricke
2,Rudi Carell
2,Roy Black Metal
2,Roger Cicero
2,Rock Rool Brasil
2,Rock 'n' Roll
2,Roberto Delgado
2,Rhetoriker
2,Rex Gildo
2,Rene Carol
2,Renate Poggensee
2,Renate Kern
2,Reformation music
2,Recovered Voices
2,Rechtsrock
2,Random
2,Ralf Bendix
2,Raggacore
2,R
2,Quick
2,Punkabilly
2,Punk Metal
2,Puhdys
2,Post-Romantic
2,Poporgel
2,Paul Neugebauer
2,Patriotic
2,Partymusik
2,Orchestral music
2,Optimistic Songs
2,Onkelz
2,One of the best
2,Oliver Lieb
2,Ohms World
2,OPM
2,Nosferatu
2,Nordisk
2,New Zealand
2,Neudeutsche Schule
2,Neo Rockabilly
2,Neo Progressive Rock
2,Nena
2,Neil Young
2,Nancy Wood
2,My collection
2,Musique Francaise
2,Mondiovision
2,Modern Melodic Death Metal
2,Modern Big Band
2,Military music
2,Michael Wendler
2,Michael Praetorius
2,Meisenkaiser
2,Marsch
2,Marlene Dietrich
2,Marburg
2,Mallorca Hits
2,MakeGermanyGreatAgain
2,Maestro
2,Made In Germany
2,MW
2,Ludwig van Beethoven
2,Low
2,Lovesongs for Mnemosyne
2,Loriot
2,Long Island
2,Local Bands
2,Little Britain
2,Liederzyklus
2,Lesser Known Yet Slightly Streamable Artists
2,Leopold Mozart
2,Kusel
2,Koteosa Kei
2,Klavier
2,Klassische Musik
2,Kirchenmusik
2,Karl Richter
2,Johannes Brahms
2,Johann Walter
2,Johann Ludwig Krebs
2,Johann Friedrich Fasch
2,Jodeln
2,Jewish composers
2,Jazz auf der Harfe
2,JPop
2,Ivan Rebroff
2,Italy
2,It's
2,Irish Punk
2,Irish Folk
2,Inglaterra
2,Ines Paulke
2,Indian
2,Ina-GRM
2,Impressionism
2,Ilse Werner
2,Ibo
2,Howard Carpendale
2,Hi-NRG
2,Herzog
2,Helloween
2,Heinz Ruehmann
2,Heinz Erhardt
2,Hegel sucks
2,Harmolodic
2,Harleckinz
2,Hard Dance
2,Harald Juhnke
2,Hans Knappertsbusch
2,Hanne Haller
2,HOERBUECHER
2,Gunter Gabriel
2,Guitare
2,GuitarHype
2,Grind
2,Grime
2,Greg
2,Great Names
2,Gothic Doom Metal
2,Goldene Zwanziger
2,German language
2,German cabaret
2,German Writer
2,German Bands
2,Georg Philipp Telemann
2,Garage Punk
2,Galante
2,Fritz wunderlich
2,French Impressionism
2,Freddy Breck
2,Franz Josef Degenhardt
2,Franz Anton Hoffmeister
2,Franken
2,Franke
2,Films
2,Film composers
2,Film Composer
2,Filipino
2,Faust
2,Erzaehler
2,Engelbert
2,Elvis cover
2,Electrolore
2,Electro Wave
2,Electro Ambient
2,ECM Records
2,Duits
2,Duesseldorf
2,Du kannst nicht immer 17 sein
2,Drafi Deutscher
2,Dope
2,Die Toten Hosen
2,Deutscher Schlager 30s - 40s
2,Deutsche Grammophon
2,Deutsch-oldie
2,Deutsch-Rock
2,Deutsch LK Punk
2,Deutsch Hiphop
2,Der Seewolf
2,Depressive Suicidal Black Metal
2,Death'n'Roll
2,Death Doom Metal
2,Dead
2,Das war eine schne zeit
2,Das beste
2,Darkcore
2,Crap
2,Contemporary Blues
2,Claudia Jung
2,Clasica
2,Chris Roberts
2,Chor
2,China
2,Chicago Blues
2,Celin Dilon
2,Carl Reinecke
2,California
2,Breddy Breck
2,Brecht Weil Eisler Staatssaengerin
2,Boehse Onkelz
2,Bob Dylan
2,Blues in Germany
2,Blues in Deutschland
2,Blonde
2,Blasmusik
2,Billy Wilder
2,Billy Mo
2,Big Band Swing
2,Bert Kaempfert
2,Bernd Cluever
2,Bbeethoven
2,Baroqueist
2,Baroque era
2,Ballad
2,Bala Illic lebt
2,Babysitter Boogie
2,BBC radiophonic workshop
2,Avantgarde Pop
2,Atmospheric metal
2,Aschaffenburg
2,Aryan Antics
2,Alfred Hause-tango
2,Aleman
2,Aggropop
2,Aggresive Kitchen Metal
2,Accept
2,AMM
2,80
2,8-bit
2,77 punk
2,70s ballad
2,60er Schlager
2,50s and 60s
2,50 Schlager
2,2tone
2,21st century
2,2008
2,2-step
2,1958
2,1940s
2,1848
2,1600s
2,11
2,10s
2,105music
2,105 Music
2,105
1,zzzzzzzzzzzzz
1,zynismus
1,zweite moderne
1,zwei Stimmen
1,zugezogen maskulin
1,ztt
1,zlatcore
1,zimmer zombie
1,zimbabwe
1,zickenschulze
1,zeraphine
1,zelter
1,zelfmoord muziek
1,zeitlos deutsch und in Ordnung
1,zappa
1,ysabols boys choir and treble
1,youtube
1,yoga
1,yiddish
1,y2k prog
1,x
1,wurstzipfe
1,wuppertal
1,wuerzburg
1,wow
1,worldfamous Clarinett
1,world global fusion
1,world beat
1,worked with
1,wood and string
1,women
1,woman
1,wolfgang
1,within temptation
1,witch house
1,wirtz
1,wire
1,wind quintet
1,wind music
1,wie hamburger schule doch nicht von der elbe
1,white power
1,white metal
1,what a voice
1,whack mc
1,westernhagen
1,western union
1,westbam
1,west coast
1,west africa
1,west
1,wenzel
1,wemradio
1,well-being
1,well produced
1,weird rock
1,wearing a cross
1,weallgetold
1,wave-pop
1,war
1,want to see live
1,wandelweiser
1,wagnerite
1,w2009
1,von der Lippe
1,vollblutmusiker
1,voll die seuche
1,volkscore
1,volker rosin
1,voix classique
1,voice over legend
1,vocalists
1,vocalist
1,vocal melody
1,vocal house
1,vitamins
1,visual artist
1,virtuozo
1,violoncelle
1,violin classical
1,violent
1,viole
1,viol
1,viel besser als deine band
1,verstrahlt
1,verschwoerungsrap
1,verfremdungsklezmer
1,verdammt genial
1,verdammt
1,venezuelan
1,variationen
1,valerius otto
1,valentine
1,val
1,utter crap
1,ute freudenberg
1,ute bresan
1,uta bresan
1,ussr
1,usa black metal
1,uruguay
1,urban
1,uptempo
1,uplifting trance
1,upbeat guitar instrumental
1,up da punx
1,up
1,unsigned
1,unlistenable
1,unholy emopunk
1,underground greek hip hop
1,under my surface
1,under 100 listeners
1,undeground
1,uncommon combination of instruments
1,ultra heavy beat
1,ultimae records
1,uk sounds
1,uk roots reggae
1,uk roots
1,uk bass
1,ugly
1,uebelster untergrund hiphop
1,tzadik
1,tysk-dansband
1,twee pop
1,tv theme
1,tv show
1,turntable music
1,turkish psychedelic rock
1,turkish pop history
1,turkish jazz
1,turkish electro house DJ Djane german
1,turbostaat
1,turbofolk
1,turbo dzihad
1,tunisia
1,tuebingen
1,ttz
1,tsf
1,try
1,true german black metal
1,true gay black metal
1,true classic
1,truckers country
1,trova cantautor
1,trojan
1,trippy
1,trip
1,tricatel
1,tribal industrial
1,tribal ambient
1,treu
1,treehorn
1,treble
1,travestie
1,trap
1,transym
1,trancemaster
1,tramp
1,traditional irish
1,traditional heavy metal
1,traditional folk
1,toy
1,toten hosen
1,tomte
1,tomlab
1,tom tykwer
1,tom astor
1,toll
1,tobee
1,to nie jest kurwa techno
1,to check out
1,tirol
1,tim toupet
1,tijdloos
1,tiger rock
1,tiefe Stimme
1,thuringian
1,throat singing
1,thriller
1,thrashcore
1,thomas D
1,thielemann
1,theme
1,the worst thing ever to happen to music
1,the voice
1,the owls are not what they seem
1,the ones
1,the krauts rock the international menu
1,the fuck hornisschen orchestra
1,the bosshoss
1,the best
1,the bates
1,the army of light
1,thai rock
1,thai
1,texas lightning
1,texas
1,teutonic disaster
1,television
1,teen pop
1,teddy parker
1,tecktonik
1,techtrance
1,techno rap
1,techgrind
1,tbm
1,taurus
1,tattoos
1,tape only
1,tape
1,tanzania
1,tangled
1,takui
1,t zimmermann
1,t boehm
1,t adam
1,synthwave
1,synthpunk
1,synthie
1,synthesizer music
1,synapsenkitzler
1,symphonic-melodic-power metal
1,symphonic progressive
1,symphonic power metal
1,symphonic gothic metal
1,symphonic deathcore
1,symphonic death metal
1,sympathy68
1,sxsw 2009
1,swing ska
1,sweet soulmusic
1,sweet melancholy madness
1,swedish idol
1,susanne alt
1,surreal ambient
1,surf rock
1,supertalented French alternative
1,superstar
1,supernanny
1,superhit
1,superflight
1,superedel
1,super bitch
1,super
1,summer
1,subtle singing
1,subbadubba
1,su
1,sturakete
1,stupid texts
1,stupid
1,stuff
1,string
1,street
1,strangers
1,strange
1,straightedge
1,stoner and doom stuff
1,stockhausen
1,stenchcore
1,stefania
1,stefan raab
1,stefan mross
1,stefan gwildis
1,steampunk
1,staubgold
1,star search
1,stalingrad
1,sprechstation
1,sports
1,sportfreunde stiller
1,splittercore
1,splatterpop
1,spitzenvolksmusik
1,spitzenschlager
1,spitzen geile Schlager
1,spex
1,spastencore
1,spanish pop
1,spain
1,space music
1,sozialkritisch
1,sovetique
1,southern rap
1,south carolina
1,soundtrack composers
1,sound system
1,soulswing
1,soulful
1,soul-folk
1,sorbisch-deutsches Liedermacherduo
1,sorbian
1,sopran
1,soothing
1,sonic fetish
1,song-writer
1,sonar kollektiv
1,sommer in der city
1,solo violin
1,solo
1,softly
1,soda pop
1,sociology
1,so fame so fame
1,snap
1,smooth lounge
1,smegaconneseuer
1,smaat
1,slovak
1,slightly streamable
1,sleaze glam
1,skramz
1,skinhead reggae
1,skatepunk
1,skate punk
1,skacore
1,ska ska ska
1,sixties spy sound
1,singer-songwriter indie incredible berlin antifolk
1,singer-songwriteer
1,singer -songwriter
1,singel
1,sing
1,silvester
1,silver convention
1,silence
1,sido
1,shows
1,shoegazer
1,shoegaze and noise pop
1,shitkatapult label
1,shitkatapult
1,sheila
1,she loves anal
1,shared stage with
1,shamanic tribal world awakening
1,shamanic
1,sexistisch
1,sexells
1,sex
1,serve chilled
1,sequencer
1,senegal
1,selig
1,sehr guter Text
1,seen live 2013
1,seen live 2011
1,seen live 2010
1,seen live 2007
1,seen live 2006
1,seen life
1,seen in club wue
1,seen at festival
1,seen  live
1,seemannslieder
1,second wave goth
1,screeching weasel
1,science fiction
1,schwulcore
1,schweinerock
1,schwazkopf
1,schwarze deutsche stimme
1,schwachsinn
1,schwabinger schicksen
1,schwabe
1,schulz
1,schokoladen
1,schoenemusik
1,schoen
1,schnulze
1,schnoene musik
1,schmitz minimal
1,schleimscheitel
1,schlechter deutscher hip hop
1,schlecht
1,schlau machen
1,schland wm 2010 fun
1,schlageroldis
1,schlager-punk
1,schlager trucker
1,schlager Meisenkaiser
1,schlage3r
1,schiller
1,scheiss HSV
1,scharf
1,saxophon
1,saxofoon
1,saufmusik
1,saufen
1,sauerland
1,sangit om
1,sandy Wagner
1,sandy
1,sandra nasic
1,samy deluxe
1,samba
1,salsa
1,sad
1,sachen die ich gerne hoeren mag
1,sabrina setlur
1,sabine meyer
1,saarland asozial
1,saarland
1,saalschutz
1,s-r-b-i-j-a
1,s onegin
1,s jerusalem
1,russland
1,russian metal
1,russian alternative
1,russendisko
1,rusbeh
1,rupee
1,ruhig
1,ruhepuls
1,ruffcats
1,rubbish
1,rub
1,rtl2
1,rovira
1,roughfriends
1,roskilde 2008
1,roskilde 08
1,rosin
1,rosajesser
1,roots-reggae
1,roots rock
1,rooties Xtra tracking
1,romantisch
1,romance
1,roland grapow
1,rodgaus
1,rod stewart
1,rocknroll
1,rockfolk
1,rockbar
1,rockabilly psychobilly
1,rock-n-roll
1,rock-alternative
1,rock prog deutschland
1,rock n roll jivers
1,rock guitar virtuoso
1,rock group
1,rock dream indie shade moon
1,rock chileno
1,rock am ring 2014
1,rock 70s
1,rock - made in germany
1,robotic
1,robertitus global
1,ritual dark ambient
1,riot folk
1,rheinkultur 2008
1,revue
1,reverbnation
1,retro-jazz
1,rene kollo
1,religious black metal
1,religious
1,reinhard mey
1,red rose
1,rechtsradikal
1,rebellion
1,reamonn
1,realironalex
1,real shit
1,real electro
1,reaggae
1,reading
1,rca
1,raw crust punk
1,raw
1,rapunzel
1,rap musette
1,rap metal
1,raop
1,ranzig
1,randie pop
1,rambursman
1,ralf schmitz
1,ragtime jazz
1,rabafuesesch
1,raaap
1,r-n-b
1,r'n'b
1,r ziesak
1,r leipzig
1,r kollo
1,r and b
1,quirky
1,quiet jazz
1,querfront
1,queercore
1,queensberry
1,queen of the night
1,quatuor
1,quartett
1,purple velvet souvenir sampler
1,pure gonzo journalism
1,pur
1,punkig und doch deutsch
1,punk german
1,punk cabaret
1,psycho
1,psychill
1,psychedelic stoner rock
1,psychedelic pop
1,psychedelic of 60-70
1,psychedelic drone
1,psych-folk
1,proto-metal
1,prose
1,propaganda
1,promised land
1,progressive psytrance
1,progressive folk rock
1,progressive breaks
1,produzent
1,pro sun and no fear
1,primavera sound 2009
1,primal fear
1,pre-franz ferdinand
1,praest
1,powernoize
1,power
1,pottmusik
1,potsch potschka
1,postdigital
1,post-progressive
1,post-emo indie rock
1,post metal influences
1,post metal
1,post easy listening
1,post death metal
1,positivity rap
1,positive hardcore
1,posicore
1,portland
1,pornogrind
1,pop rap
1,pop ambient
1,ponyrape
1,polyrhythm
1,polish rock
1,polish grind
1,polish death metal
1,pokerflat
1,pohlmann-support
1,poetic
1,plukdenacht
1,plotzka
1,play on words
1,play next
1,plattdeutsch
1,plastic city
1,plastic
1,pinoy
1,piephahn-metal
1,piazzolla
1,pianopop
1,piano solo
1,piano player
1,piano and keyboards
1,piano  melancholic  instrumental  soundtrack
1,pianists
1,philippe
1,peterrubin
1,peterkraus
1,peter sebsastian
1,peter rubin
1,peter orloff
1,peter maffay
1,peter fox
1,pernambuco
1,perfect psychedelia
1,pepper mint
1,people who speak the truth
1,people i played with
1,penis metal
1,pearl jam meet tocotronic
1,peace punk
1,patrice
1,passport
1,passau
1,party rap
1,party musik
1,party music
1,party mucke
1,pankrock
1,paedocore
1,paderborn
1,ozersk
1,overtone
1,oud
1,ostrzej
1,oriental music
1,organ jazz
1,optimistic
1,optik records
1,optik
1,only girls
1,onkel hotte
1,onkel
1,omg bavaria
1,omaha-records
1,olympia
1,ollimusik
1,oliver thomas
1,oliver koletzki
1,oliver frank
1,oli p
1,oldtimer
1,oldskool
1,oldschool melodic death metal
1,oldominion
1,old-school psychobilly
1,old-school heavy metal
1,old school grindcore
1,olaf schubert
1,olaf berger
1,ok
1,ohrbooten
1,ohne ende geil
1,offenbach
1,odd
1,oceanclub
1,occult rock
1,obscure sky psych
1,obi
1,oberton
1,nz goth
1,nwa
1,nurse with wound list
1,nuge-jazz
1,nu-bossa
1,nu-bluz
1,nu soul
1,nu oriental
1,nu electro
1,nu disco
1,novalis
1,not german
1,nostalgy
1,nose flute
1,northcore
1,norsk
1,nordic
1,nordhessen
1,non-riaa
1,non-japanese
1,noizecore
1,noisecore
1,noise pop
1,noir jazz
1,nockalm quintett
1,no-ostrock
1,no wave
1,ninodeangelo
1,nina hagen band
1,nils gessinger
1,nightwish
1,nightmare lullaby
1,nicolas sturm
1,nico suave
1,nicki
1,nickelodeon
1,nichtlustig
1,nicht zu fassen
1,nic
1,newstuff
1,newgaze
1,new wave of old school death metal
1,new school hardcore
1,new rave
1,new orleans jazz
1,new jersey
1,new jazz
1,new folk
1,new country
1,new beat
1,never not funny
1,neue musik
1,neubauten-related
1,netaudio
1,nerdrap
1,nerdcore
1,neotrance
1,neoclassic
1,neo-progressive
1,neo-classical
1,neo-charleston
1,neo-bossanova
1,neo-Postprogressive Death metal-Dancecore
1,neo swing
1,neo progressive
1,nekromantik
1,negative hardcore
1,needs listening oldies
1,nederhop
1,nazirap
1,nancy rumbel
1,namosh
1,naked
1,nachdenklich
1,mystery sea
1,my own discovery mode
1,my lounge room
1,my favorite violinists
1,mute
1,musiksammlung
1,musik fuer spiesser
1,musik comedy
1,music to delve into further
1,music from the world of Osho
1,munich city hardcore
1,mundharmonika
1,multiple artists
1,mu philharmoniker
1,mtv
1,movie theme
1,movie soundtrack
1,moshcore
1,mosbach
1,morocco
1,moroccan
1,more fucking house
1,moog
1,mood
1,mojuba
1,modernist
1,modernism
1,modern soul
1,modern hardcore
1,moderatorin
1,mobilee
1,mixture of classic and emotional jazz
1,mixtapes
1,mixtape
1,mixed-deutschrap
1,mittermeier
1,mittelalter-rock
1,mist
1,misc
1,mirjam
1,mirja boes
1,mirja
1,mirco nontschew
1,minimalist piano
1,minimal berlin dub
1,minimal ambient
1,minecraft
1,mina
1,milli vanilli
1,mille plateaux
1,militant hardcore
1,mike krueger
1,microtones
1,michael morgan
1,mia
1,mexican metal
1,meti
1,metalbilly
1,metal Christmas
1,merken
1,merk
1,menschenverachtende untergrundmusik
1,menowin
1,memphis rap
1,melt 2009
1,melt 2008
1,melt 2006
1,melt
1,melodic techno
1,melodic doom metal
1,medley
1,medivial
1,medieval music
1,medieval metal
1,medieval classical
1,media
1,mbira
1,mayday
1,maxi arlandi
1,maxi arland
1,max power
1,max mutzke
1,max herre
1,matalex
1,mat sinner
1,masters and creators of uber formal musical systems
1,massiv
1,mashups
1,mash up
1,martingo
1,martin wichmann
1,martin mann
1,martial noise
1,marquess
1,maroc
1,markus zahnhausen
1,markus schulz
1,marina
1,margot eskens
1,marcus wiebusch
1,mantras
1,mantra
1,manowar
1,manouche
1,manguebeat
1,manfred maurenbrecher
1,mandoline
1,mandolin
1,man
1,mambo
1,malle
1,male vocal
1,maite
1,maionese
1,mainz
1,mainstream
1,magyar
1,magnus karlsson
1,magnatune artist
1,magnatune
1,maedchenmusik
1,maedchenmusic
1,m kliegel
1,lyric soprano
1,lxklassiktunes
1,lv
1,luv
1,luis borda
1,low bap
1,lovely
1,lovelite
1,loved claps
1,love parade
1,lounge electronic
1,lounge at home tres
1,lounge and chillout
1,lost in reverie
1,losing my time
1,lolicore
1,lola rennt
1,lokomotive kreuzberg
1,lofi
1,loco dice
1,live-gesehen
1,live-act
1,live gesehn
1,live erlebt
1,live electronica
1,live 2o12
1,live 2013
1,listened on bandcamp
1,listened but not scrobbled
1,listen to the earthbeat
1,listen again
1,lippe
1,liefers
1,liedermacher singer-songwriter
1,liebe
1,length
1,leiwand - club
1,lee hollis
1,lebanese
1,leb dein leben
1,le kiff
1,laut mitsing
1,latvian rock
1,latvian indie
1,latvian alternative rock
1,latino
1,latin jazz
1,latin german
1,latin america
1,lasgo
1,lara korona
1,lapsuslieder
1,langweilig
1,kuschelrock
1,kurt weill jazz dada dadaism dadaismus lyrics crossover progressive rock art rock
1,kulturindustrie
1,kultrock
1,kreuzberg
1,krautjazz-rock
1,krautfolk
1,kraut metal
1,kraftwerk
1,kraftvoll
1,kotfetisch
1,kosmischemusik
1,kosmische krauts
1,konstanz
1,koller
1,koeln
1,knarz
1,kmhc
1,kleiner pillemann
1,kleine Gruppen
1,klangwald
1,klamottenzusammenhauen
1,klamauk
1,klaas
1,kitty kat
1,kircore
1,kirac
1,kinski
1,kinnfrisur
1,king of dynamic party sound
1,kinderlied
1,kim frank
1,kill rock stars
1,kika
1,kids
1,kickinassrecords
1,ki
1,keyboards
1,keyboard
1,kevin werdelmann
1,kerstlied
1,kenny G
1,kellner
1,keith
1,kawaii
1,katja maria werker
1,kassel
1,kanzleramt
1,kanye
1,kalkbrenner
1,kackwurst
1,kackvogel
1,kabarett-comedy
1,kaas
1,junkie
1,jungfrau
1,jumpstyle
1,jump blues
1,juliane werding
1,julian williams
1,juergen
1,judis cafe
1,juan atkins
1,js bach
1,joy denalane
1,joule
1,jorn schlonvoigt
1,joka
1,john goldsby
1,johann theile
1,johann schop
1,johann gottlieb naumann
1,johann erasmus kindermann
1,jog
1,joerg bausch
1,jodelen
1,jodel
1,joachim schoenecker
1,jewish contemporary
1,jetset
1,jesus-lieder
1,jena
1,jecks
1,jecken
1,jazzy flavoured
1,jazzy
1,jazzmatrix mp3
1,jazzmatrix fav
1,jazzline
1,jazz-schlager
1,jazz-guitar
1,jazz violin
1,jazz trumpet
1,jazz singer
1,jazz pop
1,jazz na starowce
1,jazz masters
1,jazz lobpreis
1,jazz bass
1,jazz Groove
1,jawbreaker
1,japcore
1,japanilaista
1,japanese rock
1,japanese hardcore
1,jan delay
1,jamaica
1,jack
1,j-core
1,j varady
1,j moser
1,ivy quainoo
1,italiana
1,italia
1,isn highlight
1,islamic force
1,irotas experimental
1,irate
1,international pony
1,intermission
1,interesting
1,interessant
1,intelligent
1,instrumetal
1,instrumental worship
1,instrumental post-rock
1,instrumental noisecore
1,instrumental hip hop
1,insterburg-und-co
1,instant classic
1,inspiring
1,inne liszaj radio
1,ingrid peters
1,ingeborg hallstein
1,inga rumph
1,inga rumpf
1,industrial hardcore
1,industrial ambient
1,indonesian
1,indierap
1,indiemo
1,indielectronica
1,indie-folk
1,indie folk pop
1,indie emo
1,indie drone ambient noise
1,indie argentina
1,indian rock
1,indian classical
1,inaudible lyrics
1,ina deter
1,improvisational
1,immergut 2011
1,immer
1,im zug nach bonn
1,ihre kinder
1,ida corr
1,icu
1,ich will die eins
1,ian van dahl
1,i tagged this
1,i hallstein
1,hypnotisch
1,hypergeil gierisch
1,hymns
1,hymen
1,huschke
1,hurricane 06
1,hurensohn
1,humppa
1,humpe sisters
1,hugo steurer
1,huehnerfriedhof
1,house diva
1,hot club style
1,horrorkore
1,horror
1,horn
1,hop
1,holm
1,hoffman
1,hoer auf dein Herz
1,hitparade
1,hit
1,hipster black metal
1,hip-hop for people who do not like hip-hop
1,hip
1,hindustani vocal music
1,hindustani classical
1,hindustani
1,himmlisch
1,hildegard von bingen
1,highly underrated
1,highlife
1,high voices
1,hidden shoal recordings
1,hi-energy
1,herwig mitteregger
1,henry arland
1,helge schneider
1,held
1,heino
1,heiner german
1,heimweh
1,heimorgel
1,heimatklaenge
1,heavy progressive
1,heavy metal melodico
1,heavenly voices
1,heathen metal
1,heard from a spaceship
1,hc
1,haydn
1,haunting
1,haugesund
1,hardy hard
1,hardcore metal
1,hardcore hip-hop
1,hardcore fuer denker
1,hard tekno
1,hard rock brasil
1,happy metal
1,happy
1,hape kerkeling
1,hanuman
1,hans buchner
1,hannover punk
1,hannehaller
1,hamm
1,hamburger
1,hamburch city
1,hambloch
1,halloween
1,halftoned singles club
1,haddaway
1,hackbrett
1,h haenchen
1,gzsz
1,gyp-hop
1,guter 70er
1,gute Stimme
1,gute Laune Musik
1,gut
1,guitartronic
1,guitars
1,guitara
1,guitar classic
1,guano apes
1,grusel
1,gruenwald
1,groove death metal
1,grm
1,gregorian
1,greetings from the past
1,green day
1,greatest electronic artists
1,great vocalist
1,great stuff
1,great singer
1,great lyrics
1,great live show
1,great fusion
1,grassau
1,grand prix der volsmusik 1987
1,grand prix der volksmusik 2006
1,gramusels bluesrock
1,gottlieb wendehals
1,gothicmetal
1,gothic death metal
1,goth-rock
1,goth-metal
1,goth punk
1,gotanygoodmusic
1,gospel reggae
1,goombay dance band
1,good enough for granddad
1,good cover
1,good
1,glocken
1,glitch-hop
1,glauben
1,glatze
1,glam pop
1,giving this special Gefuehl im Magen dass dich dazu bringt nicht mehr still dasitzen zu koennen
1,give this man an award
1,girls in the garage
1,girl with attitude
1,girl power
1,girl group
1,girl band
1,giovanni
1,gina wild
1,ghetto house
1,ghana
1,get physical
1,gesellschaftskritisch
1,germany in the eurovision song contest
1,german trucker music
1,german thrash
1,german techno
1,german soul
1,german schlager
1,german progressive
1,german power metal
1,german or english a cappella pop
1,german old school death metal
1,german melodic death metal
1,german jazz drummer
1,german independent
1,german harp
1,german hardcore
1,german germany
1,german folk metal
1,german comedian
1,german but good
1,german actor
1,gerhard schoene
1,ger60
1,georgian
1,geohash:u281z4qsfzs5
1,geohash:9q8yyq4zugv0
1,genious
1,gelsenkirchen
1,geistliches konzert
1,geissens
1,geile scheisse
1,geil
1,geige
1,geht immer
1,gay disco
1,gavno kakoe-to
1,gavno
1,garage revival
1,gamma ray
1,game of thrones
1,game
1,gambia
1,galakthorroe
1,gaia tontraeger
1,gadgets
1,gaby baginsky
1,gab baginsky
1,g-hot
1,g-hip-hop-melendiz
1,g oppitz
1,g janowitz
1,fyn
1,fuzz pop
1,futuresoul
1,future collective
1,fusion-festival 2007
1,fusion festival
1,fusion and classic genius
1,funky techno
1,funky house
1,funky blues
1,funk jazz jazzpop german bochum
1,funeral jazz
1,funeral doom metal
1,funeral doom
1,funeral
1,fun-punk
1,full-on
1,fucking pop
1,fucking brilliant
1,fucking beautiful
1,fsk
1,fruehstyxradio
1,from the bench
1,from fh library 120617
1,frigopop
1,friedemann
1,freude am tanzen
1,french metal
1,french horn
1,french 60s
1,freiburg
1,free downloads
1,fredrich
1,freakbeat
1,freak zone
1,frauenpower
1,frankfurter schule
1,frank zander
1,frank farian
1,francophone
1,franconia
1,franck
1,francais
1,fortepiano
1,folkrock
1,folk-rock
1,folk pop
1,folk harp
1,fmp records
1,fmp
1,flying rhino label
1,fluxfm
1,floete
1,flittchen records
1,flaneur
1,finland
1,fingerstyle master
1,fingerstyle guitar
1,finely tailored
1,fine voice
1,fine ballads
1,film score
1,film noir
1,filles fragiles
1,fidesznyik
1,ffm
1,fetenkult
1,festivais
1,feminine cavern of love
1,female-fronted prog
1,female vocals
1,female sax player
1,female punk
1,female mcs
1,female mc
1,female jazz vocalist mp3
1,female jazz vocalist fav
1,female jazz vocalist
1,female jazz
1,female genitalia
1,female fronted
1,female dance
1,female actor
1,feelings
1,federigo fiorillo
1,favourite soundtracks
1,fastcore
1,fast weltweit
1,far away
1,fantastisch
1,fantastic according to stretchead
1,fantastic
1,fancy
1,falling asleep
1,faithfully
1,fahrstuhlmusik
1,fado
1,facebook
1,fabric
1,f p zimmermann
1,extreme progressive metal
1,extended techniques
1,experimentell
1,experimental techno
1,experimental ambient
1,experimantal
1,experienced live
1,experemental
1,excelsior
1,everything
1,evangelium
1,eurovision 1966
1,eurotrance
1,eurosonic2016
1,eurosonic 2013
1,eurosonic 2010
1,euro pop
1,eur60
1,ethno-pop
1,ethno-jazz
1,ethnic jazz
1,ernst neger
1,epic
1,enrapturing
1,englisch
1,england
1,energy
1,endpilot
1,empfindsamer stil
1,emovilolence
1,emotion
1,emopunkrock
1,emo-punk
1,emily
1,elvish
1,elmshorn
1,elisabeth schwarzkopf
1,elektroakustik
1,elektro-techno-minimal-schranz
1,elektro-jump-hardstyle
1,elektro-industrial
1,elektro-hands up trance
1,electrosexual
1,electropter
1,electronicore
1,electronicgdchill
1,electronic screamo
1,electronic rock
1,electronic lounge jazz
1,electronic glow
1,electrohouse
1,electrofusion
1,electrofunk
1,electroacustic
1,electroacoustic improv
1,electro-trance
1,electro-swing
1,electro tech
1,electro swing
1,electro punk
1,electro funky
1,electro aggression records
1,el bosso
1,ekligerbart
1,eintagsfliege
1,eingedeutscht
1,eighties
1,egoexpress
1,ecuador
1,echt
1,ebullition
1,ebow
1,east germany
1,early synthesizer
1,early darkwave
1,early 20th century opera singers
1,e-l-e-c-t-r-o
1,e-drums
1,dv12
1,duo
1,duesenjaeger
1,dublin
1,dsds 2011
1,drum virtuoso
1,drone noise
1,drone doom
1,drinking music
1,drei
1,dracula
1,dr deadlock
1,doujin ongaku
1,doubletime
1,dortmund
1,doomcore
1,doom jazz
1,doom death metal
1,doof
1,donots
1,donnerwetter
1,dominica
1,dodo
1,dodecaphony
1,do sprawdzenia
1,dnp
1,djvibes
1,dj rush
1,dj dag
1,div ska
1,dittsche
1,disofox
1,disco fox
1,disbanded
1,dis-patch 7
1,dim mak
1,dietzenbach
1,die rakede
1,die besten deutschsprachigen bandnamen
1,die beste band der welt
1,die anderen Bands
1,didgeridoomusik
1,didgeridoomusic
1,didgeridoo musik
1,didgeridoo music
1,didgeridoo
1,didge
1,dialektische Comedy
1,dhrupad
1,deva premal
1,deutschsprachiger
1,deutscher soul
1,deutscher punk
1,deutscher black metal
1,deutscher Jazz
1,deutscher Gitarrenpop
1,deutsche wertarbeit
1,deutsche songs
1,deutsche ideologie
1,deutsch musical
1,deutsch country
1,destruction of war
1,desert rock
1,desert blues
1,der wahre DSDS Superstar 2010
1,der schwarm
1,der Clown mit der Trompete
1,depressive
1,depressed subcore
1,denise
1,delta blues
1,delicious
1,deichkind
1,deephouse
1,deep techno
1,deep ambient
1,deconstructivism
1,deathgrind
1,death-grind
1,death-doom metal
1,death to false hope records
1,death rock
1,death n roll
1,death grind
1,death disco
1,death cab for cutie
1,death
1,deamer
1,deaf
1,dead rockstars
1,ddr-punk
1,das kann doch jedem mal passieren
1,das ich
1,das gegenteil von liebe
1,das boot
1,darkstep
1,dark rock
1,dark doom metal
1,daniel blumenthal
1,dancepop
1,dancehall reggae
1,dancecore
1,dance-punk
1,dance-pop
1,dance punk
1,dance music
1,dake-bonoism
1,dake
1,daisydoor
1,dagmar krause
1,d07
1,czech rock
1,cute
1,cuivre
1,cuban
1,crustgrind
1,crustcore
1,crossover thrash
1,croatian rock
1,cristian vogel
1,crime jazz
1,creative commons
1,cream cheese
1,crazy
1,cowpunk
1,cosmic music
1,cosmic dj
1,cosmic
1,cor
1,contralto
1,contemporary music
1,contemporary fingerstyle
1,contemporary composers music
1,contemporary classic
1,contemporary christian
1,conscious reggae
1,conscious
1,conrad von der goltz
1,conny froboess
1,concious rap
1,compra mi disco
1,composer avangarde-experimental  avant-garde avantgarde drone  electro-acoustic emotional hardcore experimental improv noise contemporary classical electronica experimentell improvisation  krautrock minimalism modern composing noise rock bertold brecht
1,commercial
1,coloratura soprano
1,college rock
1,collabo
1,coja spectrum
1,coja silver
1,clone
1,clinical archives
1,click
1,clean feed
1,clavecin
1,classicist
1,classical-pop
1,classical trance
1,classical interpreters
1,classical guitarist
1,classical era composer
1,classic music
1,classic guitar
1,classe
1,clasicram
1,claas vogt
1,circus music
1,circuit bending
1,cinema
1,christliche musik
1,christliche liedermacher
1,christin
1,christian reggae
1,christian metal
1,christian lais
1,christian gothic
1,christian deathcore
1,christa ludwig
1,christ
1,chris potter
1,chris kramer
1,chorus
1,chirpy
1,chimperator
1,chilliout
1,chiller lounge records
1,chilean metal
1,chilean
1,childrens music
1,children's music
1,chicks
1,chick that rocks
1,chemnitz
1,cheesy
1,cheeky cheeky
1,checkitout
1,check-out
1,check out
1,check later
1,charlie mariano
1,charismatisch
1,chanteuse
1,chant
1,chamber orchestra
1,chain reaction
1,chaabi
1,centraltheater
1,centerfold
1,cello rock
1,cello player
1,cello fascination
1,celine rudolph
1,cdbaby
1,catholic
1,castrati
1,castingshow
1,cassette
1,cassandra steen
1,casper
1,cartoon pop
1,cartoon
1,carsten meyer
1,carnival music
1,carl
1,cantautor
1,cancer
1,canadians
1,calypso
1,calavera
1,cafe del mar
1,cae gauntt
1,cabaretist
1,c64 remix
1,c thieleman
1,c f zelter
1,busoni
1,busker
1,bunker
1,bully buhlan
1,buddamat
1,brutal black metal
1,brosis
1,broken harmonies
1,brit pop
1,breminale
1,breasts
1,breakstep
1,brazilian soul
1,brassrap
1,brass band
1,brakes
1,brake
1,boys choir
1,boys and girls singing together
1,bouzouki
1,bossrap
1,born in 1948
1,bootleg
1,books
1,boobs
1,bongo flava
1,bombastic
1,bolton
1,bois
1,boes
1,bodi bill
1,blutonium boy
1,bluesy
1,blues soul
1,blues punk
1,blues guitarists
1,blues guitar
1,blues as fuck
1,bluebeat
1,blixa bargeld
1,blissrock
1,blips and bleeps
1,blackened melodic death
1,blackened hardcore
1,black Thrash metal
1,bitte ein bit
1,bitpunk
1,bitpop
1,bill ramsey
1,bigroom
1,bigbeat
1,big room
1,big band sound
1,bielefeld
1,bg hip-hop
1,bg hip hop
1,beyondwithin
1,better than Lady Gaga
1,best singers
1,best remixer
1,best live band
1,best kiwi music going around
1,berlins finest
1,beloved enemy
1,belgian electronics
1,beer thrash metal
1,beer metal
1,beentheredonethat
1,bedlamites
1,bed
1,beauty
1,beatles related
1,beatles cover song
1,beatles cover
1,beat music
1,basssss
1,basse
1,bass masters
1,bass floor
1,bass bariton
1,basic channel
1,barbara schlick
1,barbados
1,bar25
1,banhoff zoo
1,bands who really need to do a reunion tour
1,bands that would eat children if only they could fit a whole one inside their mouths
1,bands I need to check out
1,bandleader
1,ballermann hip hop rap
1,ballade
1,balafon
1,bairisch
1,bad aibling
1,bad
1,babylon 5
1,baby
1,babies
1,b schlick
1,b r s orchestra
1,b fassbaender
1,azerbaijan
1,axel fischer
1,awesome music
1,avantguarde
1,avante-garde
1,autonom
1,autocantantes
1,authentic rockabilly
1,austrian hardcore
1,austrian classical composer
1,aufgeloest
1,audio play
1,audio drama
1,attention whore
1,atmospheric rock
1,athens
1,asymmetry
1,artrock
1,artpunk
1,artists reviewed in groove magazine
1,artists
1,artcore
1,art-rock
1,art punk
1,arias
1,aria
1,argile
1,arena rock
1,arctic ambient
1,apres sky
1,apocalyptic folk
1,anus madness
1,anugama
1,anton stamitz
1,antisemitic
1,antilopen
1,antideutsch
1,antichrist
1,antiallesaktion
1,anti alles
1,anthem house
1,anry nalin-
1,annett louisan
1,anime soundtrack
1,anhalt ebm
1,angeschwollene Eier
1,angela wiedl
1,andreas staier
1,ancient music
1,anatolian rock
1,anarcho punk
1,analogue ideas in a digital world
1,anal flamethrower
1,anadolu rock
1,amrep
1,amen drum and bass
1,ambient ram
1,ambient metal
1,ambient industrial
1,ambient guitar
1,alto
1,alternative-rock
1,alternative soul
1,alternative country
1,alternativ rock
1,alphaville
1,alkaline trio
1,alex
1,alcoholic metal
1,albums i own on vinyl
1,albums I own
1,album rock
1,albrecht mayer
1,akustik
1,akk
1,after work
1,afropunk
1,afrofunk
1,afrob
1,afro-beat
1,afro beat
1,ady zehnpfennig
1,adult contemporary
1,adam nussbaum
1,adagio
1,acts to check out asap
1,actresses
1,actors voice
1,act music
1,acrnym
1,acoustic soul
1,acoustic screamo
1,acoustic post-hardcore
1,acoustic groove
1,acousmatic
1,acid hardhouse
1,acid folk
1,achingly intelligent
1,achim reichel
1,accoustic
1,aachen
1,aaahh
1,a schmidt
1,a reminicent drive
1,a motorbike and a dusty highway beneath a lake at sundown and a really nice marihuana cigarette
1,a mayer
1,a forest mighty black
1,a dasch
1,a c cartellieri
1,Zoo Army
1,Zander
1,Yvonne Catterfeld
1,Young
1,Yay
1,X factor
1,Wurstsalat
1,Wurst
1,Wrong Wolfgang Mueller
1,Wrges
1,World jazz
1,Women in Electronic Music
1,Wolfsheim
1,Wolfgang Ziegler
1,Wolfgang Lippert
1,Wolfgang Herrmann
1,Wolfgang Amadeus Mozart
1,Witten
1,Willy Schneider
1,Willi Herren
1,Willi Girmes
1,Westrupp
1,Westberlin Maskulin
1,Wendler
1,Weltkulturerbe
1,Weihnachstlieder
1,Weberei
1,Watergate
1,Warum Sie Lacht
1,Warp
1,Wanderlieder
1,Walther von der Vogelweide
1,Waldorf Steiner School Alumni
1,WM 2010
1,WIZO
1,WEXP
1,WERGO
1,Vokalensemble
1,Vivian Lindt
1,Victoria Justice
1,Vega
1,Vater
1,Vancouver
1,VBT
1,Uwe Busse
1,Ute Lemper
1,Untergrund-NDW
1,Untergrund Soldaten
1,Untergrund
1,UntergruNDW
1,Unser Sommer der Liebe
1,Unplugged
1,Und morgen frueh kuess ich Dich wach
1,Ulli Martin
1,Udo Lindenberg
1,USFO
1,UKHC
1,UK Goths
1,UK 60s 70s Rock and Pop
1,TurkceRock
1,Turkce Rock
1,Tuesday
1,True Heavy Metal
1,Trucker Music
1,Trip to Kolob
1,Tony Marshall
1,Tommy Toucher
1,Tommy Steiner
1,Tom Petty
1,Tom Liwa
1,Tocotronic
1,Tippspiel
1,Tino Derado
1,Tina York
1,Tina Rainfort
1,Thrash revival
1,Thommys Radio
1,This is my list
1,This Charming Man Records
1,The Outlaws
1,The Other Ones
1,The Lords
1,The Cure
1,The Blues Brothers
1,The
1,Teenagermelodie
1,Ted Herold
1,Techstyle
1,Techno artists
1,Technical Metal
1,Technical Deathcore
1,Tech-Trance
1,Tech trance
1,Tanz noch einmal mit mir
1,TV Themes
1,TB
1,Sylver
1,SxE
1,Swedish Punk
1,Swedish Pop
1,Swedish Death Metal
1,Swallow
1,Suzanna
1,Susan s
1,Susan Schubert
1,Superschlager
1,Supercool
1,Street Rock
1,Stimmungsmacher
1,Stephan Remmler
1,Steffi
1,Stefanie Hertel
1,Stefan Waggershausen
1,Stefan Dettl
1,Steakknife
1,Stars
1,Starke Frauen
1,Spitze
1,Spanish Metal
1,Space Masturbators
1,Soviet
1,Southern metal
1,Southern Rock
1,Sonntagsmusik
1,Sonneberg
1,Sommernacht in Rom
1,Sommer
1,Sojus3000
1,Smoothly Sexy Sounding
1,Slime
1,Slide
1,Slick Idiot
1,Slamming Gore Groove
1,Sinner
1,Singer-songwriter pop
1,Singer- Songwriter
1,Silvestrov
1,Shostakovich
1,Shopping List
1,Shady
1,Sentence
1,Sehusa-Radio
1,Schrottfisch
1,Schlager deutsch trash
1,Schillerettes
1,Schiksal geh auf Deine Reise
1,Saxophone Jazz
1,Saufmukke
1,Sarah Engels
1,Sarah Connor
1,Sabina
1,Saad
1,SWR3 New Pop Festival
1,Russian Pop
1,Rush
1,Ruhrgebiet
1,Rostock
1,Rosenstolz
1,Ronny Krappmann
1,Ronny
1,Ronnie James Dio
1,Romantica
1,Roland Kaiser
1,Rock/Pop
1,Rock for children
1,Rock Monarchy
1,Rock Argentino
1,Roberto Blanco
1,Robbi Tobbi und das Fliewatuut
1,Ritual Industrial
1,Rilling
1,Ride
1,Ricky King
1,Ricky
1,Rhein
1,Repuplica Cafe
1,Release me
1,Reinmar Henschke
1,Reiner Kirsten
1,Reinbert
1,Reggae Rock
1,Real Power metal
1,Raw Crust
1,Rasta
1,Rapunzel Neu Verfoent
1,Rap-Jazz
1,Ramones
1,Rammstein
1,Ralf Scheepers
1,Ralf Paulsen
1,Ragga Jungle
1,Radio-kronberg
1,Radio Play
1,Radio Karlsruhe
1,RSH Kindertag 2014
1,ROFL
1,ROCK-rockabilly
1,RIO
1,REINER KRISTEN
1,RAKEDE
1,R and S records label
1,Quintet
1,Purple Schulz
1,Punx
1,Punky Reggae
1,Punk Rock Deutschpunk
1,Psytrance artists
1,Psychotic Ambient
1,Psychedelia
1,Proto-Ambient
1,Protest
1,Prometheus
1,Progressive attack
1,Progressive Techno
1,Progressive Pop
1,Progressive Metalcore
1,Previously Unreleased
1,Powermetal
1,Post-Black Metal
1,Portugal
1,Pornorap
1,Porno Rap
1,Poem
1,Playmate
1,Planet Kolob
1,Pla5tiC 3la5tiK
1,Pitch black techno war funk
1,Pinoy Rock
1,Pietro Lombardi
1,Piano Kabarett
1,Phonoboy
1,Phillie MC
1,Pfitzner
1,Peter finger
1,Peter Wackel
1,Peter Sodann
1,Peter Sebastian
1,Peter Petrel
1,Peter Kraus
1,Peter Beil
1,Percy Stuart
1,Penis
1,Pe Werner
1,Paul
1,Patrick Lindner
1,Patricia Toppler
1,Passacaglia und Fuge nach Frescobaldi
1,Partyrap
1,Pagan
1,Ozella
1,Ovidiu Komornik
1,Ostblokk
1,Osnabrueck
1,OsnaMetal
1,Oriental
1,One-Hit-Wonder
1,Once Upon A Time In Deutschland
1,Oldschool EBM
1,Old School Melodic Death Metal
1,Olaf Henning
1,Olaf
1,Oi-Streetpunk
1,October 30th
1,Nyze
1,Nuernberg
1,Nu-Bluz Funky Grooves in the E-Lounge
1,Nova California Seixas
1,Nothingcore
1,Nosliw
1,Norwegian Black Metal
1,Norbert J Schneider
1,Noisegrind
1,Nintendocore
1,Nino de Angelo
1,Nina Hagen
1,Nightwash
1,Nigel Kennedy
1,Niescier
1,Nic Chagall
1,New-Wave
1,New Wave of British Heavy Metal
1,Neues aus der Anstalt
1,Neo-swing
1,Neo-prog
1,Neo-Psychedelia
1,Neo Soul
1,Nenadjebivo
1,Need For Speed Carbon
1,Nazi Punks Fuck Off
1,Nadia Birkenstock
1,NWOTHM
1,NS Death metal
1,NS Black Metal
1,NPD-Rapper
1,NDH
1,Musik
1,Musical theatre
1,Music Show
1,Muse
1,Muenster
1,Muenchner Freiheit
1,Mosh
1,Moritz
1,Moonbootica
1,Mofagang
1,Moehre
1,Modern thrash metal
1,Modern Blues
1,Mittelalterrock
1,Mittelalter Folk
1,Miriam
1,Minden
1,Mimirmeidr
1,Milk Inc
1,Michy Reincke
1,Michel Gondry
1,Michael Morgen
1,Michael Kiske
1,Michael Holm
1,Michael Hirte
1,Michael Heck
1,Michael Cretu
1,Michael
1,Metrickz Rap Deutsch
1,Merciful Nuns
1,Memphis Crunk
1,Melodic House
1,Melodic Death Doom Metal
1,Mellow Mark
1,Melancholisch
1,Mein virtuelles Musikregal
1,Mehrzad Marashi
1,MegaMix
1,Max Greger
1,Matthias Reim
1,Mary Roos
1,Martin Damm
1,Marsh-Marigold Records
1,Marla Glen
1,Mario Barth
1,Marianne und Michael
1,Marianne Rosenberg
1,Marianne Michael
1,Mariama
1,Maria Maddalen
1,Marco Kloss
1,Manuellsen
1,Manuela
1,Manfred Krug
1,MaleVocals
1,Male Singer-Songwriter
1,Maffay
1,MacWhirr
1,M-Base
1,Luca Toni
1,Lounge Downbeat
1,Lotto King Karl
1,Loop Station
1,Logjammin
1,Lo-Fi Beat
1,Linda Feller
1,Limburg
1,Like
1,Liedermacher DDR
1,Liederlisches
1,Library Prog
1,Libanon
1,Leftfield
1,Lebanon
1,Lawrence Arms
1,Latscho Diewes menowin du bist der beste
1,Latin Rock
1,Late Romanticisms
1,LastfmSC
1,Larry Schuba
1,Landmusi
1,Landau
1,Laith Al-Deen
1,LaBrassBanda
1,La Paloma
1,LP Collection
1,LOVE PAUL
1,LE:HC
1,Kurios
1,Kult
1,Krumme Lanke
1,Kristina Bach
1,Krimi
1,Krautrock Pioneer
1,Kpop
1,Konstantin Wecker
1,Komikerin
1,Kleine Prinzessin
1,Klavier wild Filmmusic
1,Klaus Schulze
1,Klaus Hoffmann
1,Kiske
1,Kino
1,Kim Fischer
1,Kiel
1,Kicks ass
1,Karsten Troyke
1,Kanisterkopf
1,Kai Tracid
1,K44
1,Juli
1,Juergen Markus70s
1,Juergen Markus
1,Juergen Drews
1,Judas Priest
1,Joy Division
1,Jonesmann
1,Johann Pachelbel
1,Joaquin Sabina
1,Joana Zimmer
1,Joachim Held
1,Jiddisch
1,Jesus Christoph Rap
1,Jessica Gall
1,Jessica
1,Jazz Trumpetist
1,Jazz Trombone
1,Jay Sebasstian Band
1,Jasper vant Hof
1,Jasmin Wagner
1,Jam Rock
1,Jackin house
1,J-Metal
1,Ivory Coast
1,Italodance
1,Israel
1,Isis
1,Iron Maiden
1,Iron Alex
1,Irish Folk Rock
1,Irgendwie und sowieso Filmmusik
1,Intermedium
1,Insanity
1,Innervisions
1,Industrial Death Metal
1,Indus Gothic
1,Indiependent
1,Incubate 2009
1,Incubate
1,Inak
1,Ina Mueller
1,In Germany before the war
1,Impressionist
1,Immergut2010
1,Ich suche nichts
1,Iced Earth
1,IDE-CONNECTION
1,I played in or with
1,I love them
1,I like
1,I Deny
1,Hypnos
1,Hugo Strasser
1,Hospital Records
1,Hosen
1,Horst ist ein Held
1,Horrorcore Psychocore
1,Horrorcore
1,Hooligan
1,Hoodcheck
1,Holger Biege
1,Hoerspiel am Stueck
1,Hip Hop Italiano
1,Heterosexual Version Of Queen
1,Hessen
1,Herne
1,Hercules and Love Affair
1,Herbert Groenemeyer
1,Helene Fischer
1,Heinz Rudolf Kunze
1,Heavy Progressive Rock
1,Heavy Metal Brasil
1,Heavy Cello
1,Hazelwood
1,Have to check
1,Hausmarke
1,Harte 80er
1,Harrow You
1,Hardtek
1,Hardfloor
1,Hardbass
1,Hard Rock And Roll
1,Hans harz
1,Hannover Robust
1,Hannes Wader
1,Hammond Orgel
1,Hammerfall
1,Hamburger Comedypokal
1,Hamburg Sounds
1,Halle
1,Hair Rock
1,Hafenmelodien
1,HSV
1,HPBaxxter
1,HDJK
1,Gutes aus Deutschland
1,Guter Deutscher Hip Hop
1,Gute Laune Pur
1,Guitarteacher
1,Guitar Solo
1,Guitar Hero
1,Grimma
1,Great Music
1,Great Lyricists
1,Grauzone
1,Gottfried Boettger
1,Gombay Dance Band
1,Goetz Alsmann
1,God Music
1,Glubb
1,Gitarrenlehre
1,Girls Girls Girls
1,Girl Groups
1,Gipsy-Jazz
1,Germany Occult Black Metal Xeper
1,Germans
1,German Prog
1,German Medieval music
1,German Cuban
1,Gerd Christian
1,Georg Kreisler
1,Georg Friedrich Handel
1,Gentleman
1,Geniale Dilletanten
1,General Classical
1,General Alternative
1,Gathering
1,Gassenhauer
1,Game Music
1,Gaby Albrecht
1,GLub
1,GG Anderson
1,G-funk
1,Fuzzalicious
1,Funky House Artists
1,Funk Rock
1,Fresh Torge
1,French hip hop
1,Freising
1,Freiburgs Finest
1,Free - inspiring
1,Fredl Fesl
1,Freddy Sahin-Scholl
1,Freaks
1,Franz Schubert
1,Franz Lambert
1,Franz Beckenbauer
1,Frank Duval
1,Franconian
1,Fox
1,Folkies to relax
1,Folk medieval
1,Florian Silbereisen
1,Flomega
1,Fink
1,Film- und Fernsehmelodien
1,Fettes Brot
1,Fett
1,Fetenmix
1,Female jazz vocalists
1,Fedde Le Grand
1,Favourites
1,Favorite Bands
1,Favorite
1,Faves
1,Fassenacht
1,Farin Urlaub
1,Far From Innocence
1,Falscher Kuenstler anderer Wolfgang Mueller
1,Fall Off Verzasca
1,Fady Maalouf
1,Fabric Saturdays venue
1,FUCKING AWESOME
1,FIMAV
1,FCN
1,Extreme Metal
1,Extrabreit
1,Experimental Drone
1,Ex-Polizist
1,Evers
1,European hardcore
1,European Jazz
1,Essen
1,Erwin
1,Erobique
1,Entenpfuhl
1,Enanito Verdes
1,Emotional Hardcore
1,Emopunk
1,Embryo
1,Electronic Jazz
1,Electro-Punk
1,Electro Acoustics
1,Electric Bass
1,Einfach nur Top die Bands
1,Ein leben Lang
1,Edvard Grieg
1,Eccentric
1,Easy Jazz
1,East African
1,Dunk 2015
1,Dudelsack
1,Drum
1,Drugvictim
1,Doktor Stratmann
1,Djane
1,Dj Koze
1,Dirk Bach
1,Dio
1,Digital Hardcore Recordings
1,Dieter Thomas Kuhn
1,Dieter Nuhr
1,Dieter Bohlen
1,Die gute alte Zeit
1,Die Sekte
1,Die Prinzen
1,Die Happy
1,Die Flippers
1,Die Aerzte
1,Did a review
1,Deutschsprachiges
1,Deutschsprachige Musik
1,Deutschsoul
1,Deutsches Untergrundpsychozeug
1,Deutsches Schwarzmetall
1,Deutscher Underground HipHop
1,Deutscher Sprechgesang
1,Deutsche Liedermacher
1,Deutsche
1,Deutsch-Pop
1,Desert
1,Der Teufelsgeiger von Eppendorf
1,Der Kaiser
1,Depro Punk
1,Depri-Punk
1,Denny Fabian
1,Deleuze loved
1,Delete
1,Deine Musiksammlung
1,Deine Mudda macht mehr nsbm als Heimdalls Wacht
1,Degrassi
1,Deep Drumnbass
1,De-Phazz
1,David Guetta
1,David Garrett
1,Dark power metal
1,Dark Electronic
1,Danish Rock
1,Daniela Katzenberger
1,Daniel Muller-Schott
1,Dance Soundscape
1,Daisy Door
1,DDR Punk
1,DDR Music
1,DDR -Kult
1,DDEU Marianne  Michael
1,D-Bo
1,Czech Republic
1,Culture Beat
1,Cross Over
1,Coverband
1,Conscious Rap
1,Concrete
1,Commedy
1,Coloma
1,Codex Manesse
1,Classical Organ Music
1,Christoph Maria Herbst
1,Christmas metal
1,Christine Schaefer
1,Christian Lais Wie Du
1,Chris De Burgh
1,Chipmusic
1,Chicks Rock
1,Chicago House
1,Celtic Folk Metal
1,Celibidache
1,Cave 12
1,Caterina Valente
1,Canterbury Scene
1,Cantautores
1,Can Atilla
1,Cafe Amelie
1,Cadbodua
1,C-pop
1,C
1,Bushido
1,Bundesvision Song Contest
1,Bukowski Pop
1,Buffa Radio
1,Buddhism
1,Brutal Death Metal with Nordic Influence and guest vocalist satan
1,Bruckner
1,Brostep
1,Brooklyn
1,Broken Beat
1,Bravo Hits Trauma
1,Bozz
1,Bossanova
1,BoA
1,Blumfeld
1,Blues Rockabilly
1,Blade
1,Black Rock
1,Black Metal from Germany
1,Black Doom Metal
1,Bitburger Pils
1,Big Bands
1,Biermann
1,Bernhard Brink Schlager
1,Bernhard Brink
1,Bernd Spier
1,Berliner Rap
1,Berlin Untergrund
1,Berio
1,Benny Benassi
1,Ben Becker
1,Belgian Thrash Metal
1,Bayerischer Liedermacher
1,Battlerap
1,Basically Bass
1,Baroque style
1,Barbara Sukowa
1,Barbara Schoneberger
1,Bands for Brazil
1,Bands I have seen live
1,Bahia
1,Badesalz
1,Baden-Baden
1,Babaji
1,BZB
1,BVB 09
1,BNR
1,BEto Juara
1,BBC New Generation
1,Azad
1,Axel Hacke
1,Awesome Guitar Jams
1,Ave Maria
1,Avant-garde Metal
1,Avant-Pop
1,Avant Jazz
1,Australien
1,Aus dem Umkreis: Naechte
1,Augsburg
1,Auf Entdeckungsreise
1,Atzen Musik
1,Astrid Harzbecker
1,Astrid Harz
1,Assipunk
1,Arvika 2009
1,Artists I have seen Live
1,Armand Van Helden
1,Ariana Grande
1,Apollo 3
1,Antisemitisch
1,Anti-Tough-Guy-Hardcore
1,Anne-Sophie Mutter
1,Angelika Milster
1,Andreas Scholl
1,Andreas Martin
1,Andreas Bourani
1,Andrea Hoffmann
1,Andre Stade
1,Andi Deris
1,Anathema
1,American Punk
1,Alternative Tentacles
1,Alternative Folk
1,Altenativo Rock Brasil
1,Altar of the Metal Gods
1,Alice in
1,Alfons Hatler
1,Aleyster Crowley
1,Alexander Klaws
1,Akkordeon
1,Against Me
1,Aeoliah
1,Acoustic Techno
1,Acoustic Rock
1,Achim Petry
1,Accordeon
1,Abakus
1,ANGELIKA
1,A fashionable likeness of cylindrical awareness
1,<3
1,:3
1,80s euro hc
1,80er
1,80's
1,8 to the bar
1,782935509165542
1,77 style punk
1,77
1,70s progressive rock
1,70s hard rock
1,70s electronic
1,7 stars
1,60s psychedelic and garage
1,604
1,60's garage
1,6 stars
1,50erJahre
1,4ad
1,40er
1,40 year old boy
1,3rd wave ska
1,3mal live gesehen
1,3P
1,30s-40s
1,30er
1,3
1,21st century classical
1,20th century period
1,20er
1,2016
1,2013
1,2012
1,2010s
1,2010
1,2007
1,2 tone ska
1,1live
1,1ja
1,1cl
1,1Live Fiehe
1,1980s
1,1967
1,1966
1,1960s
1,1960
1,1934-05-04
1,1933
1,1920
1,1 female 2 males
1,-listen tech
